-advance	_advance
advancepool	AdvancePool
approvemilestone	approveMilestone
at	at
autorelease	autoRelease
can	can
cancelinvoice	cancelInvoice
-checkbalances	_checkBalances
claim	claim
createinvoice	createInvoice
-decimalsoffset	_decimalsOffset
-defaultusdg	_defaultUsdg
-deliverandapprove	_deliverAndApprove
demo	Demo
deploy	Deploy
disputemilestone	disputeMilestone
-finalize	_finalize
-fundedinvoice	_fundedInvoice
fund	fund
getinvoice	getInvoice
getmilestones	getMilestones
invoiceescrow	InvoiceEscrow
ireceivableholder	IReceivableHolder
-issueandfund	_issueAndFund
lastdeadline	lastDeadline
-load	_load
maxdeposit	maxDeposit
maxmint	maxMint
maxredeem	maxRedeem
maxwithdraw	maxWithdraw
-milestone	_milestone
-notifyholder	_notifyHolder
onmilestonesettled	onMilestoneSettled
pause	pause
payee	payee
-payout	_payOut
-premium	_premium
-push	_push
quote	quote
reclaimunsubmitted	reclaimUnsubmitted
-record	_record
-recordreputation	_recordReputation
resolvedispute	resolveDispute
resolveexpireddispute	resolveExpiredDispute
run	run
setapprovedarbiter	setApprovedArbiter
setfee	setFee
setparams	setParams
setsellercreditlimit	setSellerCreditLimit
-settle	_settle
-setuppool	_setupPool
submitmilestone	submitMilestone
sweepdeferred	sweepDeferred
totalassets	totalAssets
unpause	unpause
